link,ngay_dang,nam_sx,xuat_xu,dia_diem,kieu_dang,so_km,hop_so,tinh_trang,nhien_lieu
https://xe.chotot.com/mua-ban-xe-quan-nam-tu-liem-ha-noi/128285414.htm#px=SR-stickyad-[PO-1][PL-top],Đăng6 ngày trước,2024,Việt Nam,"Phường Xuân Phương, Quận Nam Từ Liêm, Hà Nội",SUV / Cross over,10,Tự động,Đã sử dụng,Điện
https://xe.chotot.com/mua-ban-xe-thi-xa-son-tay-ha-noi/127663916.htm,Đăng1 tháng trước,2015,Ấn Độ,"Xã Sơn Đông, Thị xã Sơn Tây, Hà Nội",Sedan,15000,Số sàn,Đã sử dụng,Xăng
https://xe.chotot.com/mua-ban-xe-quan-ha-dong-ha-noi/128403989.htm,Đăng43 phút trước,2020,Việt Nam,"Phường Hà Cầu, Quận Hà Đông, Hà Nội",Hatchback,40000,Tự động,Đã sử dụng,Xăng
https://xe.chotot.com/mua-ban-quan-nam-tu-liem-ha-noi/127474528.htm,Đăng1 tháng trước,2008,Việt Nam,"Phường Mễ Trì, Quận Nam Từ Liêm, Hà Nội",Sedan,1368,Tự động,Đã sử dụng,Xăng
https://xe.chotot.com/mua-ban-huyen-soc-son-ha-noi/128403779.htm,Đăng1 giờ trước,2017,Việt Nam,"Xã Mai Đình, Huyện Sóc Sơn, Hà Nội",Minivan (MPV),100000,Số sàn,Đã sử dụng,Xăng
https://xe.chotot.com/mua-ban-quan-nam-tu-liem-ha-noi/127474424.htm,Đăng1 tháng trước,2006,Việt Nam,"Phường Mễ Trì, Quận Nam Từ Liêm, Hà Nội",SUV / Cross over,1568,Tự động,Đã sử dụng,Xăng
https://xe.chotot.com/mua-ban-quan-hoan-kiem-ha-noi/128403485.htm,Đăng1 giờ trước,2025,Việt Nam,"Phường Lý Thái Tổ, Quận Hoàn Kiếm, Hà Nội",Minivan (MPV),,Tự động,Mới,Điện
https://xe.chotot.com/mua-ban-quan-ha-dong-ha-noi/126367348.htm,Đăng1 tháng trước,2016,Đang cập nhật,"Phường Hà Cầu, Quận Hà Đông, Hà Nội",SUV / Cross over,120000,Tự động,Đã sử dụng,Xăng
https://xe.chotot.com/mua-ban-quan-cau-giay-ha-noi/124596363.htm,Đăng3 tháng trước,2023,Thái Lan,"Phường Nghĩa Tân, Quận Cầu Giấy, Hà Nội",SUV / Cross over,30000,Tự động,Đã sử dụng,Xăng
https://xe.chotot.com/mua-ban-quan-ha-dong-ha-noi/127149560.htm,Đăng2 tháng trước,2009,Đang cập nhật,"Phường Hà Cầu, Quận Hà Đông, Hà Nội",,100000,Tự động,Đã sử dụng,Xăng
https://xe.chotot.com/mua-ban-quan-cau-giay-ha-noi/126597444.htm,Đăng22 ngày trước,2023,Việt Nam,"Phường Nghĩa Tân, Quận Cầu Giấy, Hà Nội",SUV / Cross over,25000,Tự động,Đã sử dụng,Xăng
https://xe.chotot.com/mua-ban-quan-ha-dong-ha-noi/124756112.htm,Đăng2 giờ trước,2009,Đang cập nhật,"Phường Hà Cầu, Quận Hà Đông, Hà Nội",,88000,Tự động,Đã sử dụng,Xăng
https://xe.chotot.com/mua-ban-quan-cau-giay-ha-noi/128190203.htm,Đăng2 giờ trước,2025,Thái Lan,"Phường Trung Hoà, Quận Cầu Giấy, Hà Nội",Hatchback,6000,Tự động,Đã sử dụng,Xăng
https://xe.chotot.com/mua-ban-quan-tay-ho-ha-noi/124747399.htm,Đăng2 giờ trước,2019,Việt Nam,"Phường Xuân La, Quận Tây Hồ, Hà Nội",Sedan,69800,Số sàn,Đã sử dụng,Xăng
https://xe.chotot.com/mua-ban-quan-tay-ho-ha-noi/125118219.htm,Đăng2 giờ trước,2017,Nước khác,"Phường Xuân La, Quận Tây Hồ, Hà Nội",SUV / Cross over,68000,Số sàn,Đã sử dụng,Dầu
https://xe.chotot.com/mua-ban-quan-bac-tu-liem-ha-noi/121548443.htm,Đăng2 giờ trước,2019,Việt Nam,"Phường Xuân Đỉnh, Quận Bắc Từ Liêm, Hà Nội",,66000,Số sàn,Đã sử dụng,Xăng
https://xe.chotot.com/mua-ban-quan-long-bien-ha-noi/120416026.htm,Đăng8 giờ trước,2022,Đức,"Phường Bồ Đề, Quận Long Biên, Hà Nội",SUV / Cross over,29000,Tự động,Đã sử dụng,Xăng
https://xe.chotot.com/mua-ban-quan-long-bien-ha-noi/114544392.htm,Đăng8 giờ trước,2021,Việt Nam,"Phường Bồ Đề, Quận Long Biên, Hà Nội",SUV / Cross over,30000,Tự động,Đã sử dụng,Xăng
https://xe.chotot.com/mua-ban-quan-long-bien-ha-noi/119242050.htm,Đăng9 giờ trước,2022,Nước khác,"Phường Bồ Đề, Quận Long Biên, Hà Nội",SUV / Cross over,10000,Tự động,Đã sử dụng,Xăng
https://xe.chotot.com/mua-ban-xe-quan-long-bien-ha-noi/124936081.htm,Đăng9 giờ trước,2019,Đang cập nhật,"Phường Bồ Đề, Quận Long Biên, Hà Nội",Sedan,60000,Tự động,Đã sử dụng,Xăng
https://xe.chotot.com/mua-ban-xe-quan-long-bien-ha-noi/128327309.htm,Đăng9 giờ trước,2021,Nước khác,"Phường Gia Thụy, Quận Long Biên, Hà Nội",Minivan (MPV),50000,Tự động,Đã sử dụng,Xăng
https://xe.chotot.com/mua-ban-xe-quan-long-bien-ha-noi/128299589.htm,Đăng9 giờ trước,2018,Việt Nam,"Phường Bồ Đề, Quận Long Biên, Hà Nội",SUV / Cross over,50000,Tự động,Đã sử dụng,Xăng
https://xe.chotot.com/mua-ban-quan-long-bien-ha-noi/126825906.htm,Đăng9 giờ trước,2016,Việt Nam,"Phường Gia Thụy, Quận Long Biên, Hà Nội",SUV / Cross over,90000,Tự động,Đã sử dụng,Xăng
https://xe.chotot.com/mua-ban-quan-long-bien-ha-noi/114190814.htm,Đăng9 giờ trước,2021,Nước khác,"Phường Bồ Đề, Quận Long Biên, Hà Nội",SUV / Cross over,20000,Tự động,Đã sử dụng,Xăng
https://xe.chotot.com/mua-ban-huyen-thach-that-ha-noi/128282241.htm,Đăng6 ngày trước,2019,Việt Nam,"Xã Tiến Xuân, Huyện Thạch Thất, Hà Nội",Hatchback,130000,Tự động,Đã sử dụng,Xăng
https://xe.chotot.com/mua-ban-quan-long-bien-ha-noi/127397348.htm,Đăng2 tháng trước,2023,Thái Lan,"Phường Gia Thụy, Quận Long Biên, Hà Nội",SUV / Cross over,33000,Tự động,Đã sử dụng,Xăng
https://xe.chotot.com/mua-ban-quan-long-bien-ha-noi/121830678.htm,Đăng3 tháng trước,2018,Đức,"Phường Bồ Đề, Quận Long Biên, Hà Nội",SUV / Cross over,60000,Tự động,Đã sử dụng,Xăng
https://xe.chotot.com/mua-ban-quan-cau-giay-ha-noi/119697376.htm,Đăng10 giờ trước,2014,Nước khác,"Phường Trung Hoà, Quận Cầu Giấy, Hà Nội",SUV / Cross over,60000,Tự động,Đã sử dụng,Xăng
https://xe.chotot.com/mua-ban-quan-long-bien-ha-noi/127071539.htm,Đăng10 giờ trước,2020,Việt Nam,"Phường Gia Thụy, Quận Long Biên, Hà Nội",SUV / Cross over,65000,Tự động,Đã sử dụng,Xăng
https://xe.chotot.com/mua-ban-quan-long-bien-ha-noi/125747897.htm,Đăng10 giờ trước,2020,Nhật Bản,"Phường Bồ Đề, Quận Long Biên, Hà Nội",SUV / Cross over,50000,Tự động,Đã sử dụng,Xăng
https://xe.chotot.com/mua-ban-quan-hoang-mai-ha-noi/128323354.htm,Đăng10 giờ trước,2019,Việt Nam,"Phường Đại Kim, Quận Hoàng Mai, Hà Nội",Sedan,80000,Tự động,Đã sử dụng,Xăng
https://xe.chotot.com/mua-ban-quan-thanh-xuan-ha-noi/128352515.htm,Đăng10 giờ trước,2019,Đang cập nhật,"Phường Hạ Đình, Quận Thanh Xuân, Hà Nội",Hatchback,10001,Tự động,Đã sử dụng,Xăng
https://xe.chotot.com/mua-ban-quan-long-bien-ha-noi/127138109.htm,Đăng10 giờ trước,2019,Việt Nam,"Phường Gia Thụy, Quận Long Biên, Hà Nội",SUV / Cross over,66000,Tự động,Đã sử dụng,Xăng
https://xe.chotot.com/mua-ban-quan-nam-tu-liem-ha-noi/128157005.htm,Đăng11 ngày trước,2020,Việt Nam,"Phường Mễ Trì, Quận Nam Từ Liêm, Hà Nội",,95000,Số sàn,Đã sử dụng,Xăng
https://xe.chotot.com/mua-ban-xe-quan-long-bien-ha-noi/127695640.htm,Đăng10 giờ trước,2022,Đang cập nhật,"Phường Bồ Đề, Quận Long Biên, Hà Nội",SUV / Cross over,35000,Tự động,Đã sử dụng,Xăng
https://xe.chotot.com/mua-ban-xe-quan-hoang-mai-ha-noi/128325958.htm,Đăng10 giờ trước,2022,Nước khác,"Phường Đại Kim, Quận Hoàng Mai, Hà Nội",Minivan (MPV),68000,Tự động,Đã sử dụng,Xăng
https://xe.chotot.com/mua-ban-xe-quan-thanh-xuan-ha-noi/128352503.htm,Đăng10 giờ trước,2023,Đang cập nhật,"Phường Hạ Đình, Quận Thanh Xuân, Hà Nội",SUV / Cross over,40000,Tự động,Đã sử dụng,Xăng
https://xe.chotot.com/mua-ban-quan-long-bien-ha-noi/127007394.htm,Đăng2 tháng trước,2021,Thái Lan,"Phường Gia Thụy, Quận Long Biên, Hà Nội",Hatchback,55000,Tự động,Đã sử dụng,Xăng
https://xe.chotot.com/mua-ban-quan-long-bien-ha-noi/127987483.htm,Đăng19 ngày trước,2021,Nhật Bản,"Phường Bồ Đề, Quận Long Biên, Hà Nội",SUV / Cross over,60000,Tự động,Đã sử dụng,Xăng
https://xe.chotot.com/mua-ban-quan-hoang-mai-ha-noi/128322478.htm,Đăng4 ngày trước,2022,Việt Nam,"Phường Đại Kim, Quận Hoàng Mai, Hà Nội",Sedan,55000,Tự động,Đã sử dụng,Xăng
https://xe.chotot.com/mua-ban-quan-thanh-xuan-ha-noi/128352490.htm,Đăng11 giờ trước,2020,Đang cập nhật,"Phường Hạ Đình, Quận Thanh Xuân, Hà Nội",Sedan,60000,Tự động,Đã sử dụng,Xăng
https://xe.chotot.com/mua-ban-quan-long-bien-ha-noi/126610360.htm,Đăng11 giờ trước,2020,Việt Nam,"Phường Gia Thụy, Quận Long Biên, Hà Nội",SUV / Cross over,60000,Tự động,Đã sử dụng,Dầu
https://xe.chotot.com/mua-ban-quan-long-bien-ha-noi/124627997.htm,Đăng11 giờ trước,2023,Nhật Bản,"Phường Bồ Đề, Quận Long Biên, Hà Nội",SUV / Cross over,20000,Tự động,Đã sử dụng,Xăng
https://xe.chotot.com/mua-ban-quan-long-bien-ha-noi/127454248.htm,Đăng1 tháng trước,2020,Việt Nam,"Phường Gia Thụy, Quận Long Biên, Hà Nội",Sedan,68000,Tự động,Đã sử dụng,Xăng
https://xe.chotot.com/mua-ban-quan-thanh-xuan-ha-noi/125464904.htm,Đăng11 giờ trước,2019,Việt Nam,"Phường Kim Giang, Quận Thanh Xuân, Hà Nội",SUV / Cross over,69000,Tự động,Đã sử dụng,Xăng
https://xe.chotot.com/mua-ban-quan-long-bien-ha-noi/127122719.htm,Đăng2 tháng trước,2024,Hàn Quốc,"Phường Gia Thụy, Quận Long Biên, Hà Nội",SUV / Cross over,6800,Tự động,Đã sử dụng,Xăng
https://xe.chotot.com/mua-ban-quan-long-bien-ha-noi/125991529.htm,Đăng4 tháng trước,2007,Đức,"Phường Gia Thụy, Quận Long Biên, Hà Nội",Sedan,12345,Tự động,Đã sử dụng,Xăng
https://xe.chotot.com/mua-ban-quan-hoang-mai-ha-noi/128400864.htm,Đăng11 giờ trước,2022,Nước khác,"Phường Đại Kim, Quận Hoàng Mai, Hà Nội",SUV / Cross over,62000,Số sàn,Đã sử dụng,Xăng
https://xe.chotot.com/mua-ban-thi-xa-son-tay-ha-noi/128400852.htm,Đăng11 giờ trước,2016,Việt Nam,"Phường Trung Hưng, Thị xã Sơn Tây, Hà Nội",SUV / Cross over,100000,Tự động,Đã sử dụng,Xăng
https://xe.chotot.com/mua-ban-quan-thanh-xuan-ha-noi/125158644.htm,Đăng11 giờ trước,2021,Nước khác,"Phường Kim Giang, Quận Thanh Xuân, Hà Nội",Hatchback,45000,Tự động,Đã sử dụng,Xăng
https://xe.chotot.com/mua-ban-quan-long-bien-ha-noi/128116378.htm,Đăng13 ngày trước,2019,Thái Lan,"Phường Gia Thụy, Quận Long Biên, Hà Nội",SUV / Cross over,70000,Tự động,Đã sử dụng,Xăng
https://xe.chotot.com/mua-ban-quan-long-bien-ha-noi/128400725.htm,Đăng11 giờ trước,2024,Nước khác,"Phường Gia Thụy, Quận Long Biên, Hà Nội",SUV / Cross over,26000,Tự động,Đã sử dụng,Xăng
https://xe.chotot.com/mua-ban-huyen-dong-anh-ha-noi/128267278.htm,Đăng11 giờ trước,2018,Thái Lan,"Thị trấn Đông Anh, Huyện Đông Anh, Hà Nội",Pick-up (bán tải),130000,Tự động,Đã sử dụng,Dầu
https://xe.chotot.com/mua-ban-xe-quan-thanh-xuan-ha-noi/127781422.htm,Đăng1 tháng trước,2005,Việt Nam,"Phường Hạ Đình, Quận Thanh Xuân, Hà Nội",Minivan (MPV),150000,Số sàn,Đã sử dụng,Xăng
https://xe.chotot.com/mua-ban-xe-quan-bac-tu-liem-ha-noi/126693693.htm,Đăng11 giờ trước,2022,Việt Nam,"Phường Cổ Nhuế 1, Quận Bắc Từ Liêm, Hà Nội",Minivan (MPV),79000,Tự động,Đã sử dụng,Dầu
https://xe.chotot.com/mua-ban-xe-quan-thanh-xuan-ha-noi/126789583.htm,Đăng11 giờ trước,2016,Việt Nam,"Phường Kim Giang, Quận Thanh Xuân, Hà Nội",Sedan,79000,Tự động,Đã sử dụng,Xăng
https://xe.chotot.com/mua-ban-xe-quan-nam-tu-liem-ha-noi/128286900.htm,Đăng5 ngày trước,2020,Việt Nam,"Phường Mỹ Đình 1, Quận Nam Từ Liêm, Hà Nội",SUV / Cross over,176000,Tự động,Đã sử dụng,Dầu
https://xe.chotot.com/mua-ban-xe-quan-thanh-xuan-ha-noi/124658371.htm,Đăng1 tháng trước,2019,Thái Lan,"Phường Hạ Đình, Quận Thanh Xuân, Hà Nội",Pick-up (bán tải),92999,Tự động,Đã sử dụng,Dầu
https://xe.chotot.com/mua-ban-quan-bac-tu-liem-ha-noi/126694106.htm,Đăng12 giờ trước,2019,Thái Lan,"Phường Cổ Nhuế 1, Quận Bắc Từ Liêm, Hà Nội",Hatchback,62000,Tự động,Đã sử dụng,Xăng
https://xe.chotot.com/mua-ban-quan-ha-dong-ha-noi/128400366.htm,Đăng12 giờ trước,2011,Đang cập nhật,"Phường Dương Nội, Quận Hà Đông, Hà Nội",,200000,Tự động,Đã sử dụng,Xăng
https://xe.chotot.com/mua-ban-quan-hoang-mai-ha-noi/128374306.htm,Đăng12 giờ trước,2022,Nước khác,"Phường Đại Kim, Quận Hoàng Mai, Hà Nội",Minivan (MPV),62000,Tự động,Đã sử dụng,Xăng
https://xe.chotot.com/mua-ban-quan-long-bien-ha-noi/127967760.htm,Đăng12 giờ trước,2021,Việt Nam,"Phường Long Biên, Quận Long Biên, Hà Nội",SUV / Cross over,56000,Tự động,Đã sử dụng,Dầu
https://xe.chotot.com/mua-ban-huyen-soc-son-ha-noi/128093345.htm,Đăng14 ngày trước,2017,Nước khác,"Xã Mai Đình, Huyện Sóc Sơn, Hà Nội",SUV / Cross over,100000,Tự động,Đã sử dụng,Xăng
https://xe.chotot.com/mua-ban-huyen-gia-lam-ha-noi/128329484.htm,Đăng12 giờ trước,2020,Việt Nam,"Thị trấn Trâu Quỳ, Huyện Gia Lâm, Hà Nội",Hatchback,30000,Tự động,Đã sử dụng,Xăng
https://xe.chotot.com/mua-ban-quan-thanh-xuan-ha-noi/126343073.htm,Đăng18 ngày trước,2018,Thái Lan,"Phường Hạ Đình, Quận Thanh Xuân, Hà Nội",Pick-up (bán tải),89000,Số sàn,Đã sử dụng,Dầu
https://xe.chotot.com/mua-ban-quan-bac-tu-liem-ha-noi/126694311.htm,Đăng12 giờ trước,2019,Đang cập nhật,"Phường Cổ Nhuế 1, Quận Bắc Từ Liêm, Hà Nội",SUV / Cross over,76000,Tự động,Đã sử dụng,Dầu
https://xe.chotot.com/mua-ban-quan-hoang-mai-ha-noi/128286081.htm,Đăng12 giờ trước,2019,Việt Nam,"Phường Đại Kim, Quận Hoàng Mai, Hà Nội",Sedan,82000,Tự động,Đã sử dụng,Xăng
https://xe.chotot.com/mua-ban-huyen-dong-anh-ha-noi/128374938.htm,Đăng12 giờ trước,2008,Nhật Bản,"Xã Đông Hội, Huyện Đông Anh, Hà Nội",Sedan,85632,Tự động,Đã sử dụng,Xăng
https://xe.chotot.com/mua-ban-quan-long-bien-ha-noi/126219234.htm,Đăng12 giờ trước,2022,Thái Lan,"Phường Long Biên, Quận Long Biên, Hà Nội",Hatchback,42000,Tự động,Đã sử dụng,Xăng
https://xe.chotot.com/mua-ban-huyen-soc-son-ha-noi/118475530.htm,Đăng15 ngày trước,2020,Việt Nam,"Xã Mai Đình, Huyện Sóc Sơn, Hà Nội",Sedan,68000,Số sàn,Đã sử dụng,Xăng
https://xe.chotot.com/mua-ban-quan-thanh-xuan-ha-noi/123926383.htm,Đăng12 giờ trước,2007,Nhật Bản,"Phường Hạ Đình, Quận Thanh Xuân, Hà Nội",SUV / Cross over,162000,Tự động,Đã sử dụng,Xăng
https://xe.chotot.com/mua-ban-quan-cau-giay-ha-noi/128286236.htm,Đăng12 giờ trước,2014,Việt Nam,"Phường Nghĩa Đô, Quận Cầu Giấy, Hà Nội",Hatchback,17000,Tự động,Đã sử dụng,Xăng
